"","V1","V2","V3","V4","V5","V6","V7","V8","V9","V10","V11","V12","V13","V14","V15","V16","V17","V18","V19","V20","V21","V22","V23","V24","V25","V26","V27","V28","V29","V30","V31","V32","V33","V34","V35","V36","V37","V38","V39","V40","V41","V42","V43","V44","V45"
"1",0,0.357958146818186,-0.0674538909542057,0.408533137491319,0.552920512131221,0.529812198435041,0.253216215333731,0.195122442186305,-0.200049561465097,0.0204893231783526,-0.0649307027283675,0.0329302155185463,-0.566677187326111,0.126569415975403,-0.116424744915696,-0.0373305075644818,-0.164572260302374,-0.0571196740592968,-0.110180348859094,-0.444647326506824,-0.257368496865026,0.130779985599518,-0.191298468095497,0.0146276231291823,-0.0995621303390962,0.564289007239854,0.0140207755315596,0.592620490128327,-0.0369103392908886,0.0395344770663101,-0.00665746367604944,-0.0369165071576548,-0.124674569236193,-0.14787529375332,-0.0573603093038408,0.00860632522838685,0.318701238955567,-0.153786833930166,1,-0.0430019838948526,0.0216607005182864,-0.0260483568621277,-0.172684498818718,-0.0822128610790696,-0.367601959201271
"2",0.714153697167371,0,0.693888848098922,0.767257708905992,0.434215950796022,0.363642093609109,-0.0566123814819581,0.696973430348651,0.0715577695836575,0.167815512921804,0.183683379023129,0.237571068660876,0.0740838279946964,0.21494804649245,0.113979415762816,-0.0444032993767379,-0.00673415512390836,0.000679634302716521,-0.0149871525454694,-0.171898235290921,-0.0992371808877173,-0.144118728806534,-0.0313972759296034,-0.0951813512361384,-0.326993955355998,0.766501642890411,0.171684272047832,1,0.13476426640662,-0.036891453416536,-0.299192130361031,-0.0753988058858468,0.107427761782339,0.237737960705321,0.250569093063886,0.0784431346731509,0.856256476150836,-0.359425336158807,0.535601495183631,0.238965613624599,0.0674879346014298,0.192434608267054,0.290815151455026,0.0622002530884942,-0.0768738590129699
"3",0.183935036734993,0.559682580556128,0,0.23953619793289,0.176248755465187,0.176188923485409,0.212376944840901,0.880901396620494,1,0.145058782106307,0.0528845486461159,0.046282117787909,-0.287745403317988,0.384435891201035,0.0933552889246026,0.0408510554559314,0.0259514886198586,0.435374280482715,-0.284368447063945,0.0302184378394578,0.214852849636268,-0.0528114683570907,-0.350772316433656,-0.110401453054523,-0.0464487626886769,-0.0286217636777826,-0.104168616351126,0.0222198923564981,-0.102212433656955,0.108831391299651,0.242889643645945,0.114762099244048,-0.000152513286852962,0.462682369248954,0.594114568757519,0.213157524372708,0.389416779247363,-0.0911072876430958,-0.182940606243374,0.00763718195055023,-0.0188542903120449,0.436592635849942,0.751562228775378,-0.157339302668446,0.343445276232191
"4",0.47862957244217,0.858515253990673,0.32101748514014,0,0.605781757456084,-0.113027204066211,0.116038961308208,0.794766859152735,0.110478758379971,0.171828882027653,-0.0801849438999103,0.319334586387772,-0.270025984451786,0.589294702171568,0.190477041226599,-0.0703642526413621,-0.146377000497142,0.503619896976067,0.270113475464735,0.190956837575122,0.0680624863589202,-0.166941782622004,-0.143064184258934,-0.279699041086979,-0.0747315576639203,-0.0556727118855745,-0.119531308160697,0.0981063019749906,-0.0718762915209964,0.0762659817275882,0.215210799738868,0.0422754493018293,0.256054766628031,1,0.756863499154559,0.670995124168318,0.574591504926965,-0.231256089270739,0.39398975704198,-0.0775765645345494,0.310424838692076,0.429108790257921,0.750266629268194,0.505808122972031,-0.0550775591822772
"5",0.485129081610272,0.100261763203313,-0.368915934005643,0.311548460147255,0,0.191239076981028,0.582870522677203,0.387646880229799,-0.164274855914731,0.0949938598444263,0.675323734913606,0.0503740984561722,0.028122919487915,0.389926912187321,-0.179816520295221,0.761221300851133,-0.0897220256029496,0.274854226682155,0.107968758787414,0.214965223511813,0.181004178364604,-0.522598965611362,-0.195584709487673,0.0197585937085229,-0.161559476804771,0.602651430586744,0.711556696817354,0.743845747510261,0.286628695930998,0.0486960592874481,-0.120923890912868,-0.0865324562562595,0.356970699300615,0.247598413955652,0.289474553658739,0.0174884438746681,1,-0.15319279811131,0.908345488296345,0.12968313067741,0.057517898149424,-0.297331175383925,-0.105771090071904,0.0250082234716575,0.337439684729635
"6",0.792149094538337,-0.169180946883449,-0.295067135349704,-0.447354381217253,-0.082955332776762,0,0.30968154979555,-0.530245567663137,0.106258469767309,-0.0563372078115738,0.385002860379303,0.178983080749766,0.624435379656196,0.0586133563834314,0.0141730141415344,1,0.773895009243376,0.168864779323835,-0.22079456122837,0.756223489379526,0.0553771807041011,-0.390045308631932,-0.28123335863296,0.093211865379993,0.00495483142680355,0.536586285430526,0.720740549616018,0.57023335778202,0.601162249928284,0.00767376028599551,-0.340954569619839,-0.000302579275760962,0.00651548793891924,-0.0436334182687814,0.21402984302712,-0.14023454807953,0.148418702389162,0.339518923774632,0.429739550697168,0.273974135747568,-0.049431322654409,-0.0502717404396459,-0.277170993485808,0.243927041806266,-0.0101603453926496
"7",-0.664332179571557,-0.844407551307939,-0.85468136346554,-1,0.0678501652689924,-0.0896182866022854,0,-0.207237612667297,-0.324587304443505,0.142207644090362,0.900911698127278,0.173215221186227,-0.102285919342727,-0.0219130334447879,-0.140095061004554,0.673185018094102,-0.00950972804837131,0.0387248522942832,-0.404499774043443,0.503327093939377,0.479618572500293,-0.726789600431764,0.0916432831861072,0.404168795813601,0.0703406049690689,0.5426057313573,0.824271983241274,0.570126917738194,0.453371382763669,-0.209629481538199,-0.0169538732388428,-0.189402186049028,-0.11143183916648,0.00344729125006425,0.0879798370548506,0.191428901885826,-0.243923377371017,-0.113950432164225,0.903284999391299,0.293722668679656,-0.0959133271339045,-0.298796980391473,0.278325363807741,0.010295953321699,0.125790164082612
"8",-0.223871729720245,-0.0740713750786801,0.142082223087581,0.210248781758727,0.0172500020835348,-0.375206279192904,0.0572956486247161,0,0.15586176329328,0.657397613543957,-0.313051513777578,0.0920387176643463,-0.136992799133904,0.76740326063491,0.289111236999167,-0.0402571620950127,-0.0497641887246171,0.75798374484586,-0.118366071496309,0.012298526478049,0.195482757160778,-0.534324591229292,-0.364624634314628,-0.196794085174701,-0.206698689669618,-0.190617304447676,0.040041928675938,-0.0996957403189899,0.274346740897747,-0.0636158128245162,0.108059976357588,-0.317122252804277,-0.0393440258555235,1,0.913061688889259,0.71864663426329,0.0232785311116397,-0.194960647365569,-0.0288103582523474,0.0244351692127607,-0.0944711157703221,-0.227450872223717,0.684310252897089,0.0643560129170082,0.156539490653424
"9",-0.552603113141098,-0.430383609771411,0.159848278818946,-0.27930017764017,-0.63444372347378,-0.314624766819042,-0.352205583760133,0.219782567145416,0,0.325621614490724,-0.0238784498900357,-0.0839651653752923,-0.295904439825013,0.230314209472949,1,-0.354744019473122,-0.198577459802173,0.336668969573376,0.494414267009064,0.185692452071117,0.0935791357232022,-0.606800300336718,-0.0177544028649842,-0.159440646469519,-0.321355250760688,-0.274457439283617,-0.187536816969525,-0.350747288085307,-0.0100771140817768,0.0733437401120722,0.0980656453496448,-0.0213362182337076,0.397212581596931,0.517336031381671,0.368920957258635,0.466020402053235,-0.509034535312512,-0.232526915183521,-0.257021836036165,0.00267604817992097,0.121463231000351,0.452615255922475,0.555949530930857,0.346074867128662,0.0885730139337515
"10",-0.626050977883075,-0.710496329618882,-0.69621224384299,-0.492925034681788,-0.410422518382067,-0.487745721655403,-0.100312798061234,0.377629718863974,0.120265068676506,0,0.0472837209766804,-0.174848376339546,-0.379094598123155,1,0.187789485746755,-0.0502870137349269,-0.296261042202254,0.352055460562516,0.0881627515776113,0.609945373740255,0.348932756547576,-0.536368567188153,-0.170842707362758,-0.155279515356895,-0.439877207379735,-0.237923106603958,0.354729902126918,-0.247006619145332,0.305500207898015,0.387583584676313,-0.267880162022661,-0.317319911175086,0.315732028030845,0.497261363940514,0.687860645856506,0.315765702035175,-0.477060404205111,-0.17065590690916,0.0497711429419096,0.240061874877595,0.0541340135783821,-0.279462145260808,0.452502968803386,-0.096572871013514,0.219823125779946
"11",-0.558686408151051,-0.59286078568627,-0.543691807294184,-0.777081613758237,-0.0443133748996441,-0.075487814884191,0.706712794491487,-0.058517707378702,-0.152614124451185,0.000796804479331342,0,0.619250785924407,-0.223664244433284,-0.0139311914007745,-0.0565414741839997,1,0.077051217771424,-0.033383142769458,0.154364323476897,0.428800688537098,0.609969405766669,-0.589624605170347,0.290817337609968,0.165234711844513,-0.128150648276837,0.607491788297211,0.648100695448488,0.329180327611216,0.455872150920299,-0.0262430121134098,0.0412226336270176,-0.198479798546135,0.0704745956352605,-0.0447237485053161,-0.056760274316657,-0.2373910006577,-0.375925276593326,0.0625446708670293,0.466230999141827,0.481430698701304,-0.31449029337883,-0.180674918827176,0.147748817076709,0.0153263564337532,-0.157616054437374
"12",-0.473274751747689,-0.396623357567221,-0.531615672074115,-0.64790885924905,-0.192441612125405,-0.21358836188916,0.776568010323272,0.447429179179229,0.22240769261017,0.626481240107213,1,0,0.170362187382391,0.810027866563582,0.363838758130796,0.185973673605434,-0.0251657882895439,0.303872215377677,-0.171444285501962,0.156235757077421,0.0455057728697831,-0.501060525168905,0.0376557738452868,-0.330249102900629,-0.189588119418814,0.278188010599814,0.379668614063227,0.3777394441446,0.138519524269854,-0.0479445926923582,0.104670188567439,-0.318343382387591,0.122949957969889,0.68706240700307,0.676104449480452,0.352288031865749,-0.392617705333549,-0.220783418688824,0.357235198841877,0.469558964603025,-0.0542453419235033,0.111784627210394,0.579024412333177,0.456431804170127,0.0720385107600227
"13",-0.394250028301403,-0.392429560326858,-0.657890786984349,-0.804751147156631,-0.437664495699394,0.0738247809031504,0.307835936242963,-0.0845009877433026,-0.242136975190812,0.141365451629764,0.167525108420224,-0.0460634774243868,0,-0.103140465908769,0.0513660372911694,0.593149344543904,0.783419814603417,-0.142718175794253,-0.114598201246424,0.247199790336821,0.294219174698145,-0.0442454881881485,0.247236370279717,1,0.364200890025521,0.469974030473647,0.38834352584381,0.572795654336877,0.489745777885582,-0.151980963554466,-0.0638386311789901,-0.268817295804022,0.0948867588493029,-0.0649672688074894,0.0917094987703109,-0.00814495150803178,-0.276784215639906,0.821331847008949,0.265915726484805,0.60329023815773,0.0598654907114333,-0.186011093653742,-0.105208439951754,0.159256031365296,0.0109174248181852
"14",-0.487578041656063,-0.703169654138075,-0.550143862443403,-0.257783015730591,-0.373585882226369,-0.253325279364947,-0.100877125460582,0.265527805923063,0.0342941707411972,1,0.0138593099379918,0.432061111804655,-0.42986615944639,0,0.263667604448302,0.0080433370626914,-0.24923893231491,0.526622912591925,-0.0776453018055239,0.114189036972573,0.316049217710732,-0.626697924058888,-0.106312526434736,-0.206189853656759,-0.231435303323153,-0.181479066096057,0.0336624001899235,-0.154034259456429,0.141542002003991,0.00576887902808232,0.0111781098070582,-0.206669649363142,0.222693450448706,0.648960339695197,0.804900115731779,0.576488209710671,-0.267357671891802,-0.36799893168562,-0.197376366622461,-0.150476346661166,-0.0361209235855405,-0.216010199211557,0.627786859071315,-0.136605535473029,0.0247135557071069
"15",-0.454251702206361,-0.594639599914225,-0.520178317575025,-0.47523470415607,-0.475403313264911,-0.289206970629793,-0.151838980896784,0.118723498292571,0.398596270835042,0.338847693483205,-0.126665605854446,-0.0616081413863082,-0.182829806599401,0.247970328372167,0,-0.171448701824254,-0.26494111468485,1,0.473402632787709,0.113119479997342,-0.0261380248276523,-0.463998828819237,-0.475540591231663,-0.177572983741276,-0.237435008058536,-0.100795629375919,0.131909377535881,-0.245538002753965,0.19397914191786,0.265536343748304,0.203470047442754,0.309227317781501,0.351568569799722,0.163881041526774,0.311873678703316,0.455595829691835,-0.321110435079523,-0.265876008655134,-0.365701629925489,0.0145163478332537,-0.0392763870386207,0.497314276277112,0.540433732559106,0.137349320173511,-0.0540470083267769
"16",-0.368314490437312,-0.437732127825124,-0.583557767970103,-0.481877475894449,0.245695601488211,0.0376970020506515,0.406493714793102,-0.166837661748915,-0.161895743893419,0.16681354735821,0.576774666453516,-0.128448772017899,0.24982722087037,0.0542286814425889,-0.0352264024482983,0,0.0504996211244195,-0.0137389289790448,0.0415291204073151,0.256119819135034,0.23470966072169,-0.406039623469703,0.041070499142008,0.222721029300654,0.150991814921253,0.138002346983924,1,0.0306304555822611,0.344552611035649,-0.0776434979141375,-0.0700008475651412,0.00254895566691032,-0.0800310822249189,-0.0215113469277361,-0.134986702545773,-0.0931371071808109,-0.348151953437089,0.0692689380911711,0.167790018296858,0.379049786581324,-0.0196580886196827,-0.251114887486275,-0.10355302911667,-0.0771329635187803,0.16901603986788
"17",-0.371937877278825,-0.791342197514548,-0.559877029101687,-0.48505463544265,-0.338171297570858,0.110547607920503,0.56495632364738,-0.20161032876194,-0.230920174899224,0.0741748948185881,0.269158979697723,-0.0570441351306483,1,0.101367685575046,-0.0515145369848596,0.551859968048412,0,-0.225445495525605,-0.0748009523860823,0.288728000627719,0.205695852514839,-0.305310464820565,0.19703004806075,0.662685031816186,0.997397600241702,0.215510054805019,0.678072512399284,0.406513191919223,0.592174501061699,-0.395117877852198,-0.390381314824297,-0.429090131530715,0.0855056920744205,-0.0229494787333594,0.0895806301611485,-0.0348571140428022,-0.249947086710253,0.493663590609711,0.143052642889078,0.265584648999987,0.214897441095326,-0.257202368502749,-0.0445897377100776,-0.299139752936044,0.0478179641882088
"18",-0.582136423738097,-0.452193457945488,-0.346818954736579,-0.374499600911819,-0.243045938073666,-0.275610745016337,0.0191920186084157,0.164827932599089,0.0927763147882174,0.321970653231551,-0.124969881078562,-0.0381633022357701,-0.364674101349783,0.455944987075823,0.36369607527195,-0.0981463437162615,-0.19485829784627,0,0.0686281472500603,-0.0721762915143208,0.0398062932458148,-0.365346834015738,-0.228118855749848,-0.139012229514055,-0.150605857768223,-0.103699757719306,-0.0420781598412057,-0.199061137565623,-0.0601505267982912,-0.0653550026028616,-0.123113349774613,-0.0193192253410595,0.121910303755831,0.422644713885827,0.398196491202517,1,-0.297135116613479,-0.215512482960763,-0.2805653397855,-0.0152789401601069,-0.151477608291233,0.175405633121816,0.56253356362928,-0.0795782072462469,0.129494894943865
"19",-0.214324639124992,-0.310310548486122,-0.366418910864583,-0.377046968180071,-0.163605800124591,-0.199336735842304,0.0510332176405368,-0.00233108197132185,0.097411050650748,0.0259467890759586,0.0626914110147056,0.0655935395131379,-0.135545348364386,0.16777722909915,0.310938597402231,0.117424446801026,-0.0934839685136615,0.0720963704680578,0,0.12236507150626,0.0756936959672266,-0.176537925772551,-0.175987578821774,-0.0388820494101741,-0.0796285370169221,-0.116698401939965,0.0163455245421903,-0.107617450549478,0.18689901674755,0.152006150637753,0.19157340061357,0.477548636853088,1,0.109987077845803,0.0805604504624063,0.0723964024031543,-0.145102170557562,-0.150687698149475,-0.127021301674668,0.155625110885796,-0.0522856821409983,0.192788055693142,0.174248895320014,0.08702366823703,0.136211416000196
"20",-0.496560995596932,-0.432505287347684,-0.473706947070361,-0.530177839710352,-0.27266896711886,-0.166988214611378,0.200091449683988,-0.228175071716578,-0.190966416011464,0.369666158492153,0.325744585179026,-0.0686655603238405,0.0105128422287101,0.149791979531034,-0.0862090718052653,0.135192527109007,-0.0705999346029965,-0.044557448823909,0.152193859799093,0,0.987854301640419,-0.384861963193665,-0.0433664824103744,0.0284446505280465,-0.0138002843709637,-0.0557942846066017,0.390533842937239,-0.158814927569739,1,0.0756854008216966,-0.0381848146148753,-0.207386285995685,0.147890899236545,0.0512023600442758,0.0572804347407899,-0.0406503642530879,-0.338594488814827,-0.114995783941949,-0.112942651834108,0.284288252385487,0.318652189217182,-0.0579477780738322,0.277703209850431,0.0343652198833063,0.228373918980338
"21",-0.244316065996446,-0.397689294007293,-0.289865910833527,-0.481785364638184,-0.291167569986383,-0.172916746939831,0.155753785876791,-0.127471839242971,-0.0920954226152894,0.203053818667215,0.285282771863392,0.0216750205830098,-0.0896281504031339,0.0712480994648603,-0.0629047272825514,0.0819410894360321,-0.0492658794283973,0.00128607550806277,0.0200484099347714,0.854513102622297,0,-0.470923479659163,0.0263140756150632,0.106999609495318,-0.022709522045545,0.0255604875645899,0.280152419731673,0.0265203538223186,1,0.0819801639844256,-0.0575443934696455,-0.18343868893532,-0.147277070058821,0.0262984686004237,-0.131797541698991,0.0206697676873662,-0.237401264188654,0.0856437288363674,-0.141729573847459,0.416180140575148,0.160167098515834,-0.280534693504545,0.199492639297742,0.142331273450806,0.158278033035107
"22",0.0630358041215127,-0.496641880552986,-0.185661260200017,-0.368481279894429,-0.192993173549089,-0.126572035864882,-0.168831895422429,0.0986687157399821,-0.0852798895389318,0.170974837469719,0.0777433328422633,-0.0623663107608497,0.39330213374604,0.103292932979422,0.148564572857271,0.316005679728883,0.258960015682842,0.0363867945897083,0.440253312835657,0.103115632383902,0.0577215712938512,0,0.0776644903588686,0.326918755156303,1,0.23556309050104,0.0329067408749197,0.243606201023956,0.168849835070089,-0.050592014986868,0.201022785655187,0.00122453125172671,0.0102658861017423,0.162434041370969,0.0037293060726407,0.0255721054994049,-0.23026954058318,0.411697873193991,0.269788033574122,0.270352185084669,0.545383974473398,0.00324714345589543,-0.058636311300603,0.161574886564359,0.219938734801939
"23",-0.32228761814697,-0.589252052590459,-0.494031063407019,-0.593872214163497,-0.392670089080682,0.00979936529299101,0.0531366264691837,-0.202497425877619,-0.0996428349365828,0.0746646666956418,0.530976031735259,0.0967820779168579,0.346745664050939,-0.0114669956665759,-0.0262827171230703,0.252435654471954,0.354825647741534,0.000211984637929606,-0.113956090064521,0.445167033997852,0.478052454598758,-0.0432573112089205,0,1,0.429062893234272,0.0124093799427647,0.433877786544325,0.198639748138746,0.581712476812806,-0.147635758852587,-0.239285372381665,-0.253728550097606,-0.138550434705481,0.0579413215768464,-0.0549805063284156,-0.196118676806415,-0.108855165973117,0.188185002620644,0.0579852928228477,0.750921414098177,0.188221239320579,-0.127287810085695,-0.0322985433421717,-0.119380209597061,0.0202295205447364
"24",-0.459645127030446,-0.444897586735627,-0.761611963402372,-0.728434560271284,-0.299086982582199,-0.115553800986692,0.352563062645942,-0.111571016568534,-0.194745388117617,0.0555144146980071,0.207015539072263,0.0306827392764109,0.552209377121528,0.0520502980660253,-0.0787350875842442,0.425600548249018,0.595755411941871,0.00457835957807572,0.0103107416579742,0.288786599981274,0.275736463378361,-0.0206761729673303,1,0,0.538888858540857,0.216051900456374,0.724742865042589,0.154712941256245,0.827566515452315,-0.0558581303787112,-0.296297901020742,-0.347830433878818,-0.216670461436399,0.0591747453858303,-0.0814145849427482,-0.188835397854406,-0.327491847095567,0.305638878006546,-0.0571827736852252,0.495891846904407,0.108116302371233,-0.169617590480615,-0.14569896730444,-0.166422740288921,-0.0171811840183694
"25",-0.152567159040523,-0.664893365742716,-0.574691269461775,-0.463531570080863,-0.12257485060377,-0.0261670701662217,0.0818749561298618,-0.0361325471119552,-0.44684105415557,-0.0314790127369528,0.246301094361989,-0.224243324412547,0.382908411670321,-0.141116702729284,0.136937822737003,0.527816842818124,1,-0.193770178188582,0.122243431922059,0.244357371740762,0.345049099586416,0.545821501478112,0.271248381572829,0.603496370279383,0,0.31663291530675,0.312677561452356,0.0904933784178878,0.271264106124101,-0.261153710987986,-0.0444235677578442,-0.0186989545755832,0.126616175351068,0.0919422198944267,-0.162201960814352,-0.0330387466963027,-0.309319847459712,0.180658060275374,-0.0778705530897714,0.301735418546376,0.504845642330965,-0.106718855900815,-0.0647221940304623,-0.225312891457513,0.0918693754697175
"26",-0.0370022006729641,-0.0543186757341649,-0.370236878656145,-0.261698523075688,-0.0103188170257355,-0.0426151134883358,0.234149956014163,-0.0877610802657769,-0.18950484084642,0.0376321758426836,0.195044555393975,0.0774214741033393,0.170889477524268,-0.0966523056094505,0.0350719635926876,0.15868678006215,0.0930436223898984,-0.10114777415817,-0.055794302404227,0.0612750493927503,0.03994520726383,-0.182514306942098,-0.121297725891,0.0677854077326144,0.0128753526292997,0,0.210591241400595,1,0.0715993857222354,-0.108991376548651,-0.101496500782951,-0.219788015871672,-0.0690867152633783,0.0596662605100523,-0.00897386525118093,-0.0308779160415844,0.0415222426435402,0.0678020522404185,0.429303759540808,0.115127153247572,0.0196679180638562,-0.0533465291728432,-0.055249899838876,-0.0304780998980784,-0.0415671388663959
"27",-0.35127949109659,-0.73036537233299,-0.649265042295374,-0.902462636183092,-0.072834136053896,0.0810535969295323,0.455118162847031,-0.156232684485394,-0.286135597899728,0.215661793427059,0.69892063321351,-0.249494986991435,-0.0251827032666593,0.071226950351608,-0.0143169304553129,1,0.231735947219813,0.0428421520929446,-0.0168128136365597,0.500782048603471,0.318172661063804,-0.519414505803361,0.0337039129840737,0.260281102903027,0.0985172700087474,0.525427555107634,0,0.363984087063221,0.518195087843886,-0.054356819290516,-0.199584644796791,-0.323560589681307,0.0920228909163181,0.00650321338638539,-0.0321745606894407,-0.0941905728845522,-0.230039838064941,0.193910907134412,0.00926989051768156,0.302346887480617,-0.0441974869602969,-0.270662527164168,-0.178336706151181,-0.100316665190095,-0.118805946510267
"28",-0.0130119292551693,-0.0319881374972615,-0.287721302044493,-0.277999252943478,0.070289755722252,0.0256593139097711,0.207856479599238,-0.124340728463047,-0.190024566636534,0.027826140478786,0.195066404536571,-0.0116256575524009,0.175812241925879,-0.0495433135697458,0.0649248993689013,0.078266606442195,0.0931005570746968,-0.0384007495224876,-0.134715549639403,0.0310269762970901,-0.0763298793084033,-0.214292397679517,0.00511117096080236,0.0942361162905926,-0.0306648544779349,1,0.377662207738323,0,0.141685312703307,-0.111580411503455,-0.167424506188045,-0.112390122337704,-0.0385738720288324,-0.00161409834051729,-0.00330955435885315,0.0407150371811907,0.0152761902477347,0.0206601678637856,0.3955235583176,0.119757421004278,0.0813217001875486,-0.202550670145212,-0.0697826278081055,0.00282090367253271,-0.0768704965486199
"29",-0.354863108807991,-0.517218473624592,-0.380278436614464,-0.601128518039282,-0.208757139795422,-0.192270805293189,0.127703923685632,-0.11543733076546,-0.221855906233828,0.257989436088937,0.16467792408832,-0.116272161623753,0.0246919292005422,0.0885276750600907,0.0052530666317699,0.207966863906088,0.185622719283252,-0.0422198148283943,0.00518878839147634,1,0.998076963169076,-0.331699086772202,0.138983682673015,0.254949255782739,-0.0388220273170449,0.0108246723457532,0.311291240065352,0.17756498908539,0,-0.088377991257629,-0.0428999449433858,-0.234610181868285,0.0306524854721513,0.202382513303401,0.0577838603722751,-0.0282647722320815,-0.417127857253031,0.0468840646884156,-0.249374334422994,0.727200189628694,0.303202506784994,-0.229524844953446,0.0389768298608903,0.00314149572514693,0.171349514928844
"30",-0.609770472543545,-0.729381975037531,-0.750203861006559,-0.522365488249583,-0.436629584104515,-0.214666705226875,0.0366675117464525,0.0811350684057948,0.364195027127006,0.555199128856286,0.544266353578812,-0.0215145723703445,-0.283760671357879,0.323379728936114,0.864987800175529,0.267922464401154,-0.188964311040194,-0.00763726432108701,0.456979303642819,0.696798241467957,0.392086979177107,-0.477150146516908,0.119710982254383,-0.208159456347947,-0.2269513749889,-0.0829818351516929,0.304805073800314,0.0316067831411577,0.439247900278941,0,0.157092018602024,0.486322020763525,0.727868832024268,0.074844221607682,0.224558127487704,0.414770491572573,-0.296577688756492,-0.144064893648503,-0.258001881035282,0.466620593501837,-0.0166116378282548,-0.341198952741805,0.425301297862446,1,-0.0958846844816585
"31",-0.286343867309624,-0.501311270126001,-0.527964392242044,-0.407876829109709,-0.331727663137969,-0.281481918028357,-0.0305832177524209,-0.13286739451524,0.213897853830722,0.100571495929877,-0.112040634664592,0.0812707078499548,-0.370360028567742,0.137235044896587,0.51420971874747,0.014215791785179,-0.18842683606769,0.475841107820553,0.684458547087587,0.335257008041866,0.427219097903719,-0.214055595422462,-0.320102680462104,-0.0531987652066827,-0.263465524911848,0.0877669081499826,-0.154112454343227,-0.056208280405607,0.0620420098714933,0.200198820067673,0,0.534034543825678,0.817658651146365,0.147646246804164,0.497433751870727,0.0892827047743719,-0.338799801057084,-0.442172091401182,0.167972496462446,0.121931680542336,0.358815719741978,0.286464041861413,0.339854840557773,1,0.648244782031388
"32",-0.201886294874105,-0.304922594908468,-0.308092699295795,-0.267666928158782,-0.213129920790456,-0.0515966862706813,0.0616183121964478,-0.0722473542531092,-0.0450929936735325,0.07398728692594,0.0420616295812323,-0.0507541876696355,-0.154124424485265,0.0414939331370625,0.605271529703533,0.30267980790906,-0.266200774926888,0.337225838849659,0.793001751991047,0.212537623632548,-0.0168499489753725,-0.243127391165337,-0.191153738569122,-0.264936553025792,0.0566711198202593,-0.300393814154716,-0.0178554422334912,0.1429855449267,0.0203252429205352,0.337682626916947,0.583808529023304,0,1,0.237185986469704,0.347949821768597,0.139952680794914,-0.231880698569247,-0.355464272627874,0.0628354063199097,0.0610508707535335,-0.119042091462261,0.20882293423216,0.0445912537262163,0.243875989919058,0.210764251626051
"33",-0.249420384699368,-0.342126253859351,-0.328823366369739,-0.314431582926942,-0.194213810457924,-0.234997948247256,0.0358639416123492,-0.0958098576364283,0.0416747270320086,0.116645049367063,0.10216529358566,-0.0598810144910661,-0.139817540808276,0.135482568422848,0.271387229947605,0.0389134872175097,-0.0658717942297591,0.128183309211101,1,0.0785882429096949,-0.0440450372559902,-0.274873315553013,-0.0703445240413505,-0.045507306300707,-0.0806431598323429,-0.197171275602812,0.0373089070207683,-0.0765179842506565,0.0427134046831593,0.187517196633165,0.129649714699597,0.48741971184977,0,0.120392962296646,0.097536470640058,0.0186043781852198,-0.254185080466403,-0.0947844672387101,-0.0359433467893738,0.0305435542827583,0.0574308335709201,0.147356053204168,0.115578732689646,0.189283657193536,0.234891060678727
"34",-0.359645443797695,-0.36102776148906,-0.250461494715871,-0.227262582731048,-0.257844035303024,-0.30974885091697,-0.0485081491987681,0.445814575837783,0.132721953143792,0.251998745749818,-0.0762232689788524,0.0374382466473935,-0.262877597316774,0.575593110443276,0.132332672553018,-0.0142617008064599,-0.209294003190898,0.332195251324866,-0.0564256790285,0.101551298243859,-0.0946110328214465,-0.409781391758587,-0.28694086818278,-0.131765875566971,-0.176882097349386,-0.0861491874568096,-0.131249922580546,-0.0802631735576863,0.0740124371067494,-0.0406880150581343,-0.0067583103228711,-0.118918296441288,0.0624451986548466,0,1,0.496488822406539,-0.340752479889601,-0.326448903435053,-0.213302690114061,-0.0778373358325062,-0.104341930147072,0.00881047796650393,0.625607710515315,-0.0504762040286461,0.0636337164718041
"35",-0.294183482748237,-0.275665709791229,-0.226154542549328,-0.105314860056599,-0.212823949427629,-0.197709348657738,-0.111411554268228,0.283770233664393,0.170196262415549,0.216112217834854,-0.15544165571384,0.0275678823445683,-0.175780586217385,0.348072856571344,0.1131751514973,-0.0332492157954186,-0.205372194804199,0.266109848345827,0.0829286448376367,0.0126419763580797,0.108527394199566,-0.245175838569561,-0.324978584828935,-0.111842959704677,-0.263483928242268,-0.0576601460496401,-0.0326113936759312,-0.0483704869152179,0.144674143674582,-0.0414463057434569,0.00275358436339014,-0.215047055972398,-0.0297470468294177,1,0,0.529811283500831,-0.335753545965811,-0.191205883064954,-0.14190918358381,0.0189985200154012,-0.193965629878204,-0.108438821648312,0.601035860433076,0.00439782550707551,0.0153586375763209
"36",-0.456204989448565,-0.488620419823731,-0.205347277593372,-0.212302744889869,-0.309995098820776,-0.31825493454209,-0.151930677760215,0.407904563573843,0.131492588322817,0.407710416006433,-0.141597244088621,-0.0554832356665745,-0.284979214708878,0.467355210766638,0.348253949063964,-0.00392311529041261,-0.134118977357539,1,0.0954203523831038,0.0221922153879497,0.0296988335515049,-0.462723712369915,-0.185354200401752,-0.343637946093671,-0.38784054905829,-0.156428852365294,0.032227000170378,-0.143385928273268,-0.0023815065316005,-0.000450000643994343,-0.123166838430778,0.0829307682374571,0.0749518587032016,0.630973571219658,0.734465933034406,0,-0.347499259110744,-0.218987318048413,-0.246765477013806,-0.186460968016403,-0.211868448475039,0.031716967537976,0.845084404687684,-0.0605101724131025,0.0282255749739084
"37",0.365765725863444,0.583570551966014,0.0968190673515361,0.355408680759318,1,0.138145458893712,0.305980757405215,0.367456114679555,0.0833014599197847,0.096610606856135,0.332240768842751,0.139321476820362,-0.201027788113733,0.392045281803241,0.384169981237539,0.189194743536485,0.201056463482676,-0.0877749847093281,0.0637094678738369,-0.142408568428603,0.0602607016161053,-0.181108973571518,-0.0904326639569098,0.0669629260117407,-0.0820564597509083,0.462511837355843,0.218497812159303,0.67422154252682,0.250152523985647,0.173290339686879,-0.0540685828905995,-0.0319634425139898,0.117516131075678,0.2249815513214,0.187250812348547,0.0666640575560154,0,-0.1499917167007,0.689654532971859,0.139292943595903,-0.0448346278436691,0.0816981926178856,0.138432717835233,-0.0666507812638791,-0.0612837460014084
"38",-0.41750497630755,-0.427670626348574,-0.356134678121228,-0.747379251589451,-0.342455356651704,0.273888345913357,-0.0248999690552994,-0.00930889097396063,-0.250308874636225,0.152781702216216,0.239589640458212,-0.0278771565820517,1,0.0301926331528227,-0.0869046157307815,0.455737750892833,0.421252559515769,0.0633001481544362,0.149920705346051,0.14664036374445,0.356252707884748,0.246949013056654,0.473878166932929,0.38025199016314,0.117621669639259,0.268022405527913,0.558553335540155,0.36422808143097,0.286860202563281,-0.0700125045662164,-0.279640841452486,-0.2319570113403,0.0481937258121975,-0.0352223125366828,0.0287446632855418,0.21232936919429,-0.371895426553113,0,0.0515057316652698,0.309129772173036,0.072640356929731,-0.0803146641313366,0.0661578244074992,-0.113785931918909,-0.319479075094666
"39",0.266711832056586,-0.131412870103205,-0.641221238974262,-0.312658388710101,0.659085077285649,0.0705830252420308,0.632441344458619,-0.0708423714303459,-0.221640590784166,-0.115806972536725,0.558039330524473,0.251984666252712,0.0557545109262477,0.0373627594662554,-0.00614903672572343,0.247986235499487,-0.200687284622128,-0.225928861523985,-0.309482855289206,0.17997560357526,-0.0890772181377209,-0.352235936103906,-0.300716040213046,-0.0102754875387727,-0.34433802900431,1,0.449783463267033,0.854186575900167,-0.050823407229139,-0.359680126103402,0.176287072210129,0.190865918887753,-0.0187453338875297,-0.0223237656251581,-0.220533764932992,-0.0142108364256239,0.0428177901006362,-0.000838961894969092,0,0.189384644600341,-0.166581087346752,-0.230074279162829,0.0993240842038266,0.137894252905234,-0.0706113350100312
"40",-0.504327620451621,-0.400748889395163,-0.487479813367104,-0.778643083422691,-0.471450525869956,-0.0145962190540461,0.167384337842191,-0.339081155946854,-0.0574996964142144,0.150538722750348,0.157562371529978,-0.0454855720109117,0.0774306393436203,0.263167288945371,0.00946676088210647,0.380862991960052,0.0418192100424629,0.0487941947196798,0.0215997152953608,0.538431591732287,0.794673739047359,-0.328583041812876,0.498780217329136,0.328663004439108,-0.113059711579719,0.00732341871455962,0.529461097844046,0.10007039791802,1,0.0497976526102005,-0.324956897903305,-0.368664042956482,-0.00804973416174659,-0.0540785097457835,-0.0750555749508806,-0.139473689979418,-0.28608718770627,-0.120078842151094,-0.299042023551961,0,0.198143683654556,-0.107239506734904,-0.0826550642720204,-0.000382476063338407,-0.0773333181975247
"41",-0.376413902717106,-0.365573522806623,-0.322815651991788,-0.47355911265349,-0.368567703869326,-0.172347792136844,0.156679874528694,-0.139803398163586,0.0825975417309776,0.219940149216626,0.138533423150924,-0.162748676960426,0.0634087603061777,0.0868839259799653,0.00506273865356585,0.0672864344398958,0.287542845938417,0.10448100336664,0.297812329127273,0.504588539922677,0.653139685336108,-0.149312996061978,0.00973858397383621,-0.00739095442095899,0.283250941371412,0.181655608885162,0.160663110054902,0.118216066589435,0.796860344743703,-0.234179898230005,0.0422155937190135,-0.165699235139876,0.180297596881574,0.132700121013016,0.303109207510761,-0.116860519579919,-0.23184810821903,-0.131911257783813,-0.220546282160775,0.421069028350763,0,-0.0593875345429104,0.0675504536188724,0.113260818755364,1
"42",-0.415546133019307,-0.440648000061152,-0.127659675371407,-0.238009781670448,-0.392462165563768,-0.294530342213356,-0.0833731180492298,-0.124530149263298,0.411405998183375,-0.0239445329073211,-0.175506854298553,0.133969236430376,-0.382454353965987,0.114145809693388,1,0.0660737348697919,-0.175544409739583,0.595733083532711,0.507036652664481,0.0643217089690429,-0.0250222167523817,-0.435462383323075,-0.0899689886895663,0.0987471041877458,-0.21586096411557,-0.0726379414330454,0.253215742795178,-0.198118630355774,0.0769680278306827,0.0516824171941245,0.36635939352114,0.269235938896893,0.546754247386038,0.313078264604793,0.258515750155297,0.257881956931138,-0.154939101279475,-0.112299638383659,0.086845091953627,-0.0419064639999928,0.0882771583541036,0,0.427541116192917,0.319568435692598,0.224228445368416
"43",-0.44656241310493,-0.443340925595284,-0.171835502168186,-0.281055790496767,-0.30348342398627,-0.399917100731538,-0.0323291593347422,0.318638104724516,0.258643005168001,0.47991409676411,-0.21965453841176,0.00308521653245534,-0.230943246464908,0.567597302321665,0.497049636565243,-0.0838103988041855,-0.198406616368227,0.789591716513529,-0.054888479354272,0.230423928287929,0.0239505161581882,-0.57910533045144,-0.3454373378446,-0.0721899081758044,-0.142788560214466,-0.18002359931188,-0.0853007208907347,-0.0023876119606607,-0.0203100990548505,-0.0203558140823067,0.0456552606600222,-0.112462737187057,0.124311537745674,0.788177652712277,1,0.712195824147043,-0.387098176380073,-0.250073232243885,-0.316827241943342,-0.0742784474126847,-0.254764945613682,0.0980196436886354,0,-0.0880746623014262,-0.0319058056863274
"44",-0.272547141680588,-0.629048882368428,-0.554383141493987,-0.232575835833685,-0.328820052922876,-0.171106467341713,0.14654529821702,-0.0274984164583271,0.168196557281072,0.318904678090686,0.105229542091988,0.288955862637556,-0.300947612905126,0.173022357848549,0.115285941515451,0.0294858269519599,-0.17286730042315,0.0804193277828302,0.101715435518422,0.402763191507791,0.22461876194011,-0.456344082910053,-0.366020316236666,-0.237343534291795,-0.295248418005653,0.119737089953777,-0.174172129083071,0.0879060432504958,0.269890308664538,0.753335580615065,1,0.08270069756483,0.368161208413661,0.317831075914324,0.33092251061315,-0.0833651056800864,-0.484231692716652,-0.203119630936021,0.194077032846701,0.213983210950413,0.113888157987068,-0.146137537887992,0.410954023085139,0,0.425458750964805
"45",-0.545916206958624,-0.821353205164786,-0.428546034567573,-0.424621756666173,-0.431628182888279,-0.529620177960523,0.295196068740525,0.13449797282215,0.0620835612988019,0.561848600229491,0.236207777732436,-0.255997934645218,-0.123691688769721,0.296622364135511,0.248061269192652,0.334186439736955,0.0085775884705559,0.298253637024807,0.435663764299432,0.901368612738462,0.688022101860778,-0.293034606787359,-0.284856041155104,0.0394132273400541,0.204620074152384,0.149846841737696,0.228346474946908,-0.163422794349817,0.273450371504397,-0.0576178664117091,0.525084000623246,0.342968775459056,0.566441079908961,0.396103786615802,0.368945121791655,0.484651696793426,-0.550338052542237,-0.23158333273231,-0.119990021895288,0.0238143595784704,1,-0.276879353234662,0.215835489616996,0.620575854409362,0
